{
    "blocks": {
        "blocks": [
            {
                "id": "T;mMf-q)=uB+p``pH4w3",
                "inputs": {
                    "DO": {
                        "block": {
                            "id": "pSvHtvhO#J_kR@Iz6U^}",
                            "inputs": {
                                "TEXT": {
                                    "shadow": {
                                        "fields": {
                                            "TEXT": "你好"
                                        },
                                        "id": "?k`zsL5#R`f*~k6RJEHo",
                                        "type": "text"
                                    }
                                }
                            },
                            "next": {
                                "block": {
                                    "id": "g59L_h3dW*9D5Xv=cO`^",
                                    "inputs": {
                                        "TEXT": {
                                            "shadow": {
                                                "fields": {
                                                    "TEXT": "111"
                                                },
                                                "id": "s*?[?#_m1e6jZ$+}MyS)",
                                                "type": "text"
                                            }
                                        }
                                    },
                                    "type": "text_print"
                                }
                            },
                            "type": "text_print"
                        }
                    },
                    "TIMES": {
                        "shadow": {
                            "fields": {
                                "NUM": 10
                            },
                            "id": "7PuHw7;l_$!P#2vy=KCe",
                            "type": "math_number"
                        }
                    }
                },
                "type": "controls_repeat_ext",
                "x": 70,
                "y": 170
            }
        ],
        "languageVersion": 0
    }
}
