{
    "blocks": {
        "blocks": [
            {
                "id": "I#-M+K4P5l17:3SBb2Fr",
                "next": {
                    "block": {
                        "fields": {
                            "b": "turtle"
                        },
                        "id": "%LH0kRRsXV.FjQmsc#hc",
                        "next": {
                            "block": {
                                "id": "m%ToOT-5B,4%Ub|r(]LZ",
                                "inputs": {
                                    "DO": {
                                        "block": {
                                            "fields": {
                                                "b": "forward"
                                            },
                                            "id": "EqXYtKGCXcdqM=s_0!jC",
                                            "inputs": {
                                                "a": {
                                                    "block": {
                                                        "fields": {
                                                            "NUM": 100
                                                        },
                                                        "id": ":7YdpQ?uz_M@V`k|~==S",
                                                        "type": "math_number"
                                                    }
                                                }
                                            },
                                            "next": {
                                                "block": {
                                                    "fields": {
                                                        "b": "right"
                                                    },
                                                    "id": "ZvpH;mz--h4?QmYFr~rU",
                                                    "inputs": {
                                                        "a": {
                                                            "block": {
                                                                "fields": {
                                                                    "NUM": 90
                                                                },
                                                                "id": "DkCOq7kp4Pu)xjiAiQ,M",
                                                                "type": "math_number"
                                                            }
                                                        }
                                                    },
                                                    "type": "turtle_turn"
                                                }
                                            },
                                            "type": "turtle_move"
                                        }
                                    },
                                    "TIMES": {
                                        "shadow": {
                                            "fields": {
                                                "NUM": 4
                                            },
                                            "id": "=j*z^Pv5*G.EAlwu^(t[",
                                            "type": "math_number"
                                        }
                                    }
                                },
                                "next": {
                                    "block": {
                                        "id": "%`L1Mj=#q(qvn||)$RQE",
                                        "type": "turtle_done"
                                    }
                                },
                                "type": "controls_repeat_ext"
                            }
                        },
                        "type": "turtle_penshape"
                    }
                },
                "type": "import_turtle",
                "x": 150,
                "y": 90
            }
        ],
        "languageVersion": 0
    }
}
