{
    "blocks": {
        "blocks": [
            {
                "id": "gXHN9);x`IBO/t2Yq#V3",
                "inputs": {
                    "DO": {
                        "block": {
                            "id": "3t,rX?cL%pT]5Xz1|vS2",
                            "inputs": {
                                "TEXT": {
                                    "shadow": {
                                        "fields": {
                                            "TEXT": "aaa"
                                        },
                                        "id": "-SU$hdD_U-%~dd2qs,!i",
                                        "type": "text"
                                    }
                                }
                            },
                            "type": "text_print"
                        }
                    },
                    "TIMES": {
                        "shadow": {
                            "fields": {
                                "NUM": 10
                            },
                            "id": "v!wW@JYQh@sIGRC.oZwo",
                            "type": "math_number"
                        }
                    }
                },
                "type": "controls_repeat_ext",
                "x": 230,
                "y": 190
            }
        ],
        "languageVersion": 0
    }
}
