{
    "blocks": {
        "blocks": [
            {
                "id": "Wk/upY#Nqp#P-|PfoggL",
                "inputs": {
                    "DO0": {
                        "block": {
                            "id": "wg*b875CJ[Nxbu3vZ,Fz",
                            "inputs": {
                                "DO": {
                                    "block": {
                                        "id": "Odq*C!-r|fsNE]c%]hZ@",
                                        "inputs": {
                                            "TEXT": {
                                                "shadow": {
                                                    "fields": {
                                                        "TEXT": "abc"
                                                    },
                                                    "id": "2xA8YWF2{W3VQQ,$j%Ui",
                                                    "type": "text"
                                                }
                                            }
                                        },
                                        "type": "text_print"
                                    }
                                },
                                "TIMES": {
                                    "shadow": {
                                        "fields": {
                                            "NUM": 10
                                        },
                                        "id": "f}H5Pyx}`Vhz,U44BD;I",
                                        "type": "math_number"
                                    }
                                }
                            },
                            "type": "controls_repeat_ext"
                        }
                    },
                    "IF0": {
                        "block": {
                            "fields": {
                                "BOOL": "TRUE"
                            },
                            "id": "kY1[q4M,aJ.)b/[{8w.V",
                            "type": "logic_boolean"
                        }
                    }
                },
                "type": "controls_if",
                "x": 190,
                "y": 110
            }
        ],
        "languageVersion": 0
    }
}
